﻿"USER_DETAILS_ID","USER_ID","USER_ID_FIRST_NAME","USER_ID_MIDDLE_NAME","USER_ID_SURNAME","USER_ID_ADDRESS_LINE1","USER_ID_ADDRESS_LINE2","USER_ID_CITY","USER_ID_ZIP","USER_ID_COUNTRY","USER_ID_REGION","USER_ID_PHONE_NUMBER"
1,1,"Vasanth","Vallabh B","Naib","#35,5th A Main","Basavanagudi","Bengaluru","560028","India","Karnataka","9886408298"
3,4,"Tarun","Awesome","Mittal","C-24 Arvind nagar","Air force area","jodhpur","342011","India","Rajasthan","null"
4,5,"Vinay","C","P","M.D.16, 8th Main","H.A.L Doctors Quarters, Vimanapura","Bangalore","560017","India","Karnataka","08025220155"
5,6,"a","a","a","a","a","a","a","India","a","a"
6,7,"dinesha","K V","","M.D.16, 8th Main","line 2","Bangalore","560100","India","Karnataka","null"
